country,gdpPercap_1952,gdpPercap_1957,gdpPercap_1962,gdpPercap_1967,gdpPercap_1972,gdpPercap_1977,gdpPercap_1982,gdpPercap_1987,gdpPercap_1992,gdpPercap_1997,gdpPercap_2002,gdpPercap_2007
Australia,10039.59564,10949.64959,12217.22686,14526.12465,16788.62948,18334.19751,19477.00928,21888.88903,23424.76683,26997.93657,30687.75473,34435.36744
New Zealand,10556.57566,12247.39532,13175.678,14463.91893,16046.03728,16233.7177,17632.4104,19007.19129,18363.32494,21050.41377,23189.80135,25185.00911
